{"project":{"profile":{"name":"encriptador","description":""},"commands":[{"father":"module","command":"{\"module_name\":\"Encriptador\",\"module\":\"nuevoKey\",\"content\":\"C:/Users/User/Desktop\",\"idnombrekey\":\"llave\"}","option":"","var":"","index":0,"group":"scripts","execute":2,"if":"","children":[],"else":[],"id":"880a7db1-4dd8-6943-5016-321650492d64","mode_live":true,"getvar":"","screenshot":"","img":"","message":"module  {\"module_name\":\"Encriptador\",\"module\":\"nuevoKey\",\"content\":\"C:/Users/Marce/Desktop\",\"idnombrekey\":\"llave\"}","extra":[],"result":"True"},{"father":"module","command":"{\"module_name\":\"Encriptador\",\"module\":\"encriptarVar\",\"content\":\"C:/Users/User/Desktop/llave.key\",\"idVar\":\"pass\",\"idVarEncript\":\"pass_enc\"}","option":"","var":"","index":1,"group":"scripts","execute":2,"if":"","children":[],"else":[],"id":"a5619a31-8f9b-d207-e60a-4faa156fd076","mode_live":true,"getvar":"","extra_data":null,"screenshot":"","img":"","message":"module  {\"module_name\":\"Encriptador\",\"module\":\"encriptarVar\",\"content\":\"C:/Users/Marce/Desktop/llave.key\",\"idVar\":\"pass\",\"idVarEncript\":\"pass_enc\"}","extra":[],"result":"True"},{"father":"setVar","command":"{pass_enc}.decode()","option":"","var":"pass_enc","index":2,"group":"system","execute":2,"if":"","children":[],"else":[],"id":"3ce066d2-8d60-433c-fba7-e8c59f9601dd","mode_live":true,"getvar":"","extra_data":null,"screenshot":"","img":"","message":"setvar  b'gAAAAABeBPkm_gR5XgTlw4dcKyH3P2SNylYmCfJVAxVl6vyktt-MXQK4EsYUsT01cXPIESTKmGCOID8snFH58X25o6sCp1oGyQ=='.decode()","extra":[],"result":"True"},{"father":"module","command":"{\"module_name\":\"Encriptador\",\"module\":\"decriptarVar\",\"content\":\"C:/Users/Marce/Desktop/llave.key\",\"idVar\":\"pass_enc\",\"idVarDecript\":\"pass_des\"}","option":"","var":"","index":3,"group":"scripts","execute":2,"if":"","children":[],"else":[],"id":"38e675a6-cdec-681e-5f84-69c44e1fc5f4","mode_live":true,"getvar":"","extra_data":null,"screenshot":"","img":"","message":"module  {\"module_name\":\"Encriptador\",\"module\":\"decriptarVar\",\"content\":\"C:/Users/Marce/Desktop/llave.key\",\"idVar\":\"pass_enc\",\"idVarDecript\":\"pass_des\"}","extra":[],"result":"True"},{"father":"setVar","command":"{pass_des}.decode()","option":"","var":"pass_des","index":4,"group":"system","execute":2,"if":"","children":[],"else":[],"id":"bdf16ecc-32c4-119e-8efc-01937283f070","mode_live":true,"getvar":"","extra_data":null,"screenshot":"","img":"","message":"setvar  b'123'.decode()","extra":[],"result":"True"}],"vars":[{"name":"pass","data":"123","type":"string","$$hashKey":"object:2035"},{"name":"pass_enc","data":"","type":"string","$$hashKey":"object:2036"},{"name":"pass_des","data":"","type":"string","$$hashKey":"object:2037"}],"ifs":[]}}