{"project":{"commands":[{"father":"setVar","command":"%base_path%+ \"/modules/ControlIni/example\"","index":0,"execute_debugg":0,"img":"","screenshot":"","line":"1","description":"","stop_onerror":false,"run_onerror":false,"run_onerror_robot":"","id":"8ba44aca-f927-eb3e-3ed8-71a30c2b2a9f","group":"system","mode_live":false,"var":"path_ini","execute":1,"message":"setvar  ","time":"0.002000093460083008","extra":[]},{"father":"module","command":"{\"module_name\":\"ControlIni\",\"module\":\"nuevoIni\",\"content\":\"{path_ini}\",\"idnombreini\":\"example\"}","index":0,"execute_debugg":0,"img":"","screenshot":"","line":"2","description":"","stop_onerror":false,"run_onerror":false,"run_onerror_robot":"","module":"nuevoIni","id":"a1b3f235-2383-d16b-016e-303e9a881e1c","group":"scripts","mode_live":false,"execute":1,"message":"module  {\"module_name\":\"ControlIni\",\"module\":\"nuevoIni\",\"content\":\"{path_ini}\",\"idnombreini\":\"example\"}","time":"0.0029993057250976562","extra":[]},{"father":"module","command":"{\"module_name\":\"ControlIni\",\"module\":\"leerIni\",\"content\":\"{path_ini}/example.ini\",\"variable\":\"res1\"}","index":0,"execute_debugg":0,"img":"","screenshot":"","line":"3","description":"","stop_onerror":false,"run_onerror":false,"run_onerror_robot":"","module":"leerIni","id":"dd177820-abee-07ec-68b1-3fb49fad4f1c","group":"scripts","mode_live":false,"execute":1,"message":"module  {\"module_name\":\"ControlIni\",\"module\":\"leerIni\",\"content\":\"{path_ini}/example.ini\",\"variable\":\"res1\"}","time":"0.003000020980834961","extra":[]},{"father":"module","command":"{\"module_name\":\"ControlIni\",\"module\":\"anadirDato\",\"idseccion\":\"USER\",\"iddato\":\"password\",\"idcontent\":\"Rocketbot2023\"}","stop_onerror":false,"run_onerror":false,"run_onerror_robot":"","module":"anadirDato","id":"1d6c2f4f-f2ed-9f7e-5223-68df243b45fe","group":"scripts","mode_live":false,"execute":1,"index":0,"execute_debugg":0,"img":"","message":"module  {\"module_name\":\"ControlIni\",\"module\":\"anadirDato\",\"idseccion\":\"USER\",\"iddato\":\"password\",\"idcontent\":\"Rocketbot2023\"}","screenshot":"","time":"0.0030007362365722656","extra":[],"line":"4"},{"father":"module","command":"{\"module_name\":\"ControlIni\",\"module\":\"obtenerDato\",\"idseccion\":\"USER\",\"iddato\":\"password\",\"idvar\":\"res2\"}","index":0,"execute_debugg":0,"img":"","screenshot":"","line":"5","description":"","stop_onerror":false,"run_onerror":false,"run_onerror_robot":"","module":"obtenerDato","id":"675da6c8-bdbf-facd-80bc-6647b097c247","group":"scripts","mode_live":false,"execute":1,"message":"module  {\"module_name\":\"ControlIni\",\"module\":\"obtenerDato\",\"idseccion\":\"USER\",\"iddato\":\"password\",\"idvar\":\"res2\"}","time":"0.003000974655151367","extra":[]},{"father":"module","command":"{\"module_name\":\"ControlIni\",\"module\":\"modificaDato\",\"idseccion\":\"USER\",\"iddato\":\"password\",\"idcontent\":\"Rocketbot\"}","stop_onerror":false,"run_onerror":false,"run_onerror_robot":"","module":"modificaDato","id":"9eea17d5-7123-fbd2-0058-90813f0f0529","group":"scripts","mode_live":false,"execute":1,"index":0,"execute_debugg":0,"img":"","message":"module  {\"module_name\":\"ControlIni\",\"module\":\"modificaDato\",\"idseccion\":\"USER\",\"iddato\":\"password\",\"idcontent\":\"Rocketbot\"}","screenshot":"","time":"0.004001617431640625","extra":[],"line":"6"}],"ifs":[],"modules":[],"profile":{"name":"example_ControlIni","description":""},"vars":[{"name":"path_ini","data":"D:/Rocketbot//modules/ControlIni/example","type":"string","category":"","disabled":false,"index":13,"id":"36143c86-d0f2-ebd9-4af7-0f2d50f068b6"},{"name":"res1","data":"True","type":"string","category":"","disabled":false,"index":0,"id":"0dc6527f-af23-7f83-4127-934661d07f31"}],"expose":{"title":{"en":"expose","es":"expose","pr":"expose"},"description":{"en":"expose description","es":"expose description","pr":"expose description"},"form":[]}}}